Name,Email,Username,Item name,serial number,manufacturer,purchase date,purchase cost,purchase_order,order number,Licensed To Name,Licensed to Email,expiration date,maintained,reassignable,seats,company,supplier,notes
Helen Anderson,cspencer0@privacy.gov.au,cspencer0,Argentum Malachite Athletes Foot Relief,1aa5b0eb-79c5-40b2-8943-5472a6893c3c,"Beer, Leannon and Lubowitz",07/13/2012,$79.66,53008,386436062-5,Cynthia Spencer,cspencer0@gov.uk,01/27/2016,false,no,80,"Haag, Schmidt and Farrell","Hegmann, Mohr and Cremin","Sed ante. Vivamus tortor. Duis mattis egestas metus.

Aenean fermentum. Donec ut mauris eget massa tempor convallis. Nulla neque libero, convallis eget, eleifend luctus, ultricies eu, nibh."
Thomas Franklin,bgibson1@sun.com,bgibson1,Hydralazine Hydrochloride,c6f022c1-6a5d-447c-889b-6b371dcdf733,Marvin Inc,03/05/2002,$17.47,57537,257871081-3,Bobby Gibson,bgibson1@army.mil,09/10/2016,true,FALSE,5,"Grady, Macejkovic and Harris",Prohaska LLC,"Duis bibendum. Morbi non quam nec dui luctus rutrum. Nulla tellus.

In sagittis dui vel nisl. Duis ac nibh. Fusce lacus purus, aliquet at, feugiat non, pretium quis, lectus."
Russell Gutierrez,rwallace2@squidoo.com,rwallace2,etanercept,0e97134a-63f4-451b-b42e-b3c5d9f8c55c,"Rodriguez, Dietrich and D'Amore",03/01/1984,$5.31,34889,836738603-5,Raymond Wallace,rwallace2@princeton.edu,09/06/2016,false,false,37,Ziemann Group,Olson-Murazik,"Proin eu mi. Nulla ac enim. In tempor, turpis nec euismod scelerisque, quam turpis adipiscing lorem, vitae mattis nibh ligula nec sem."
Russell Harris,kcunningham3@nps.gov,kcunningham3,Diltiazem Hydrochloride,4db4abb2-4dc5-4801-8c62-0ce702725975,Thompson and Sons,05/15/1987,$73.70,39347,408046970-5,Kathleen Cunningham,kcunningham3@nyu.edu,08/06/2016,false,sometimes,80,Gusikowski Group,"Ritchie, Gutmann and Terry",Praesent id massa id nisl venenatis lacinia. Aenean sit amet justo. Morbi ut odio.
Lois Hill,wdaniels4@utexas.edu,wdaniels4,"BACITRACIN ZINC, NEOMYCIN SULFATE, POLYMYXIN-B SULFATE",e7feeab5-98e5-4c44-b303-7693796cee2b,Wiegand LLC,01/18/2011,$23.30,70726,911844083-5,Walter Daniels,wdaniels4@bbc.co.uk,04/23/2016,false,no,89,Kuvalis Inc,"Schoen, Lynch and Kuhic","Morbi porttitor lorem id ligula. Suspendisse ornare consequat lectus. In est risus, auctor sed, tristique in, tempus sit amet, sem.

Fusce consequat. Nulla nisl. Nunc nisl."
Clarence Stanley,mhoward5@nationalgeographic.com,mhoward5,sodium fluoride,c2f965fc-f701-4eaf-94d3-ce84dfba5002,,02/08/1982,$97.34,,220460709-6,Marie Howard,mhoward5@goodreads.com,05/07/2016,false,false,32,,,
Janet Cooper,dmartinez6@nytimes.com,dmartinez6,dextromethorphan hydrobromide and menthol,e1cdc73c-c1bb-4949-83f6-d17cc96c7034,,03/29/2015,$95.70,,116567388-6,Denise Martinez,dmartinez6@vinaora.com,03/02/2016,false,,82,,,
Jose Cruz,jtorres7@odnoklassniki.ru,jtorres7,Isopropyl Alcohol,4e9970a7-c9b4-4a3a-8fb6-d2560e4740e9,Rath Group,07/06/2016,$58.88,59165,232359646-2,Jacqueline Torres,jtorres7@miibeian.gov.cn,07/01/2016,true,NO,34,Kshlerin Inc,Johns-Little,Nullam sit amet turpis elementum ligula vehicula consequat. Morbi a ipsum. Integer a nibh.
Heather Hamilton,jbrooks8@answers.com,jbrooks8,Calcium Gluconate,fbd4a0bb-51bf-4602-8ca0-c103064969b1,"Yundt, Bahringer and Upton",11/16/2011,$81.03,66798,445210062-7,Jeremy Brooks,jbrooks8@photobucket.com,09/10/2016,true,TRUE,96,"Streich, Powlowski and Denesik",Feest-Prosacco,In quis justo. Maecenas rhoncus aliquam lacus. Morbi quis tortor id nulla ultrices aliquet.
Lois Banks,dbennett9@webeden.co.uk,dbennett9,Lorazepam,ce346a8c-54f2-426e-9f6e-0e56ee0cd272,,,$54.15,,675338655-6,David Bennett,dbennett9@csmonitor.com,05/01/2016,false,true,77,,,
Teresa Romero,tturnera@biblegateway.com,tturnera,TITANIUM DIOXIDE,e6d8db5f-f816-4ecd-8be0-410ac1080618,Hartmann-Christiansen,03/23/1981,$43.29,20552,823104280-6,Todd Turner,tturnera@icq.com,12/30/2016,false,sometimes,62,Beier-Cummings,"Thompson, Prohaska and Johns","Nullam sit amet turpis elementum ligula vehicula consequat. Morbi a ipsum. Integer a nibh.

In quis justo. Maecenas rhoncus aliquam lacus. Morbi quis tortor id nulla ultrices aliquet."
Jerry Thompson,jgrayb@bbb.org,jgrayb,Lisinopril,debf33e7-4b88-4ab3-8510-433c21418b97,"Zieme, Mayert and Sanford",,$11.04,86140,009011161-3,Jennifer Gray,jgrayb@rediff.com,12/01/2016,false,yes,76,"Hudson, Frami and Reichert",Corkery-Pagac,"Proin eu mi. Nulla ac enim. In tempor, turpis nec euismod scelerisque, quam turpis adipiscing lorem, vitae mattis nibh ligula nec sem.

Duis aliquam convallis nunc. Proin at turpis a pede posuere nonummy. Integer non velit."
Helen Peters,astonec@boston.com,astonec,Hyoscyamine Sulfate,9adcb06d-3d81-4e2c-8a27-235616274203,"Beier, Lang and Moore",01/04/2005,$93.27,38153,609876637-1,Andrea Stone,astonec@posterous.com,05/16/2016,true,true,89,Kiehn-Douglas,Swaniawski-Bernhard,"Donec diam neque, vestibulum eget, vulputate ut, ultrices vel, augue. Vestibulum ante ipsum primis in faucibus orci luctus et ultrices posuere cubilia Curae; Donec pharetra, magna vestibulum aliquet ultrices, erat tortor sollicitudin mi, sit amet lobortis sapien sapien non mi. Integer ac neque."
Marie Williamson,jwardd@phoca.cz,jwardd,"dextromethorphan hydrobromide, guaifenesin, and phenylephrine hydrochloride",c4947269-22c4-4ba0-80a8-5a45a12032e2,"Cummerata, Considine and Weimann",06/10/1981,$45.82,62145,054787864-8,James Ward,jwardd@whitehouse.gov,02/12/2016,true,yes,78,"Osinski, Jacobi and Wisozk",Miller Inc,"Integer tincidunt ante vel ipsum. Praesent blandit lacinia erat. Vestibulum sed magna at nunc commodo placerat.

Praesent blandit. Nam nulla. Integer pede justo, lacinia eget, tincidunt eget, tempus vel, pede.

Morbi porttitor lorem id ligula. Suspendisse ornare consequat lectus. In est risus, auctor sed, tristique in, tempus sit amet, sem."
Marilyn Nguyen,alawrencee@abc.net.au,alawrencee,DIMETHICONE,777dd0e2-229d-452a-a362-8a92c24bce39,Larson-Turner,03/09/1996,$8.90,70188,658299511-1,Anthony Lawrence,alawrencee@seattletimes.com,07/11/2016,false,false,80,Bogan Group,"Corwin, Stokes and Keebler","Proin leo odio, porttitor id, consequat in, consequat ut, nulla. Sed accumsan felis. Ut at dolor quis odio consequat varius."
Sarah Jordan,twebbf@moonfruit.com,twebbf,Magesium Citrate,70c3c342-6760-4772-82f8-40d4df93ec19,Nitzsche-Bednar,09/04/1993,$91.89,19815,549157091-5,Thomas Webb,twebbf@salon.com,11/07/2016,false,YES,29,"Murazik, Eichmann and Orn",Howe Group,In hac habitasse platea dictumst. Etiam faucibus cursus urna. Ut tellus.
Marilyn Greene,pgilbertg@lulu.com,pgilbertg,Glycopyrrolate,d3769f63-8a02-47dc-8195-501ace6d1a76,"Hartmann, Schuppe and Maggio",11/18/1984,$36.82,17514,467492572-X,Philip Gilbert,pgilbertg@unicef.org,03/26/2016,false,false,11,"Kerluke, Bednar and Kuphal",Hilpert Inc,"In sagittis dui vel nisl. Duis ac nibh. Fusce lacus purus, aliquet at, feugiat non, pretium quis, lectus.

Suspendisse potenti. In eleifend quam a odio. In hac habitasse platea dictumst.

Maecenas ut massa quis augue luctus tincidunt. Nulla mollis molestie lorem. Quisque ut erat."
Anna Burton,tbennetth@comcast.net,tbennetth,Finasteride,25e46967-c6a9-42f0-8458-9d6eeb4d5fb6,Volkman LLC,04/23/1999,$94.12,24353,897915880-7,Thomas Bennett,tbennetth@ow.ly,10/09/2016,true,true,70,Considine LLC,Lemke-Leffler,"Nullam porttitor lacus at turpis. Donec posuere metus vitae ipsum. Aliquam non mauris.

Morbi non lectus. Aliquam sit amet diam in magna bibendum imperdiet. Nullam orci pede, venenatis non, sodales sed, tincidunt eu, felis.

Fusce posuere felis sed lacus. Morbi sem mauris, laoreet ut, rhoncus aliquet, pulvinar sed, nisl. Nunc rhoncus dui vel sem."
Randy Harrison,cjohnsoni@stumbleupon.com,cjohnsoni,"OCTINOXATE, TITANIUM DIOXIDE",99f3615d-f4ae-44c3-ba37-ed1cc783d95b,Skiles-Feil,10/07/1997,$96.45,51684,282994437-2,Charles Johnson,cjohnsoni@squidoo.com,12/22/2016,false,,44,Johnson LLC,Stokes-Hahn,"In hac habitasse platea dictumst. Morbi vestibulum, velit id pretium iaculis, diam erat fermentum justo, nec condimentum neque sapien placerat ante. Nulla justo.

Aliquam quis turpis eget elit sodales scelerisque. Mauris sit amet eros. Suspendisse accumsan tortor quis turpis.

Sed ante. Vivamus tortor. Duis mattis egestas metus."
Eric Fuller,khartj@msu.edu,khartj,Allergenic Extracts Alum Precipitated,c8b6b2ac-2b4b-4575-9636-aee12430d0d0,Gislason-Hermann,02/24/1986,$63.81,75717,039291443-3,Katherine Hart,khartj@360.cn,10/02/2016,false,YES,86,"Stroman, Fay and Roob",Wehner-Altenwerth,"Pellentesque at nulla. Suspendisse potenti. Cras in purus eu magna vulputate luctus.

Cum sociis natoque penatibus et magnis dis parturient montes, nascetur ridiculus mus. Vivamus vestibulum sagittis sapien. Cum sociis natoque penatibus et magnis dis parturient montes, nascetur ridiculus mus.

Etiam vel augue. Vestibulum rutrum rutrum neque. Aenean auctor gravida sem."
William Perkins,mwardk@yahoo.com,mwardk,Pseudoephedrine HCl,0f241979-af54-4447-8939-4cc0c77a50b6,"Gorczany, Walker and Schaden",06/23/1982,$12.85,37375,947683395-5,Melissa Ward,mwardk@yellowpages.com,02/03/2016,true,,81,"Fahey, O'Reilly and Rempel","Gerhold, Feeney and Bashirian","Morbi non lectus. Aliquam sit amet diam in magna bibendum imperdiet. Nullam orci pede, venenatis non, sodales sed, tincidunt eu, felis.

Fusce posuere felis sed lacus. Morbi sem mauris, laoreet ut, rhoncus aliquet, pulvinar sed, nisl. Nunc rhoncus dui vel sem.

Sed sagittis. Nam congue, risus semper porta volutpat, quam pede lobortis ligula, sit amet eleifend pede libero quis orci. Nullam molestie nibh in lectus."
Jose Hicks,lbarnesl@github.io,lbarnesl,Ampicillin Sodium,c43a1438-51a5-4f1d-8011-c3830caa3506,Robel-Gutkowski,11/01/1982,$66.70,57574,006385318-3,Lillian Barnes,lbarnesl@washington.edu,09/08/2016,false,YES,3,"Stark, Gerlach and Shields",Baumbach LLC,"Praesent id massa id nisl venenatis lacinia. Aenean sit amet justo. Morbi ut odio.

Cras mi pede, malesuada in, imperdiet et, commodo vulputate, justo. In blandit ultrices enim. Lorem ipsum dolor sit amet, consectetuer adipiscing elit.

Proin interdum mauris non ligula pellentesque ultrices. Phasellus id sapien in sapien iaculis congue. Vivamus metus arcu, adipiscing molestie, hendrerit at, vulputate vitae, nisl."
Susan Moreno,lhawkinsm@weather.com,lhawkinsm,OXYGEN,da1e684c-5e85-41fe-acd1-c82cec15971b,"Waelchi, Wisozk and Price",10/20/1991,$91.48,10257,386667729-4,Lisa Hawkins,lhawkinsm@princeton.edu,06/03/2016,true,true,38,Schamberger-Farrell,Nienow-Corkery,"Praesent blandit. Nam nulla. Integer pede justo, lacinia eget, tincidunt eget, tempus vel, pede.

Morbi porttitor lorem id ligula. Suspendisse ornare consequat lectus. In est risus, auctor sed, tristique in, tempus sit amet, sem.

Fusce consequat. Nulla nisl. Nunc nisl."
Diana Fisher,jgeorgen@jiathis.com,jgeorgen,Dyphylline and Guaifenesin,26db2092-d53f-40e9-be4f-bf19d3f0dfac,,06/24/1983,$18.29,,313818090-6,Jimmy George,jgeorgen@engadget.com,04/30/2016,false,sometimes,70,,,
Edward Cox,cjenkinso@kickstarter.com,cjenkinso,"Kali mur , Kali sulph , Kali bich , Citricidal Extract",022615bf-4b84-4da1-9314-a14dc499d7b2,"Batz, Miller and Mohr",11/09/1992,$55.47,79996,164863759-0,Christopher Jenkins,cjenkinso@elpais.com,05/20/2016,false,false,61,"Turner, Jenkins and Ziemann",Brekke-Cremin,"Pellentesque at nulla. Suspendisse potenti. Cras in purus eu magna vulputate luctus.

Cum sociis natoque penatibus et magnis dis parturient montes, nascetur ridiculus mus. Vivamus vestibulum sagittis sapien. Cum sociis natoque penatibus et magnis dis parturient montes, nascetur ridiculus mus.

Etiam vel augue. Vestibulum rutrum rutrum neque. Aenean auctor gravida sem."
Gregory Simmons,amartinp@tinypic.com,amartinp,Fluphenazine Hydrochloride,11fb02d8-8db9-4acd-bcbb-997c5ffa9555,Abshire-Pfeffer,04/28/1985,$86.65,79416,870571903-8,Ann Martin,amartinp@ezinearticles.com,07/07/2016,true,true,12,Larson-Johnson,Rowe Inc,"Morbi porttitor lorem id ligula. Suspendisse ornare consequat lectus. In est risus, auctor sed, tristique in, tempus sit amet, sem."
Victor Long,agrahamq@chicagotribune.com,agrahamq,"Acetaminophen, Dextromethorphan HBr, Guaifenesin, Phenylephrine HCl",7ac19f19-6987-449c-8195-e5a4805055b8,Cummerata and Sons,,$69.05,25399,447273947-X,Ashley Graham,agrahamq@uiuc.edu,10/15/2016,false,FALSE,60,"Sawayn, Kshlerin and Smith","Lemke, Williamson and Marks","Sed ante. Vivamus tortor. Duis mattis egestas metus.

Aenean fermentum. Donec ut mauris eget massa tempor convallis. Nulla neque libero, convallis eget, eleifend luctus, ultricies eu, nibh."
Teresa Arnold,solsonr@wordpress.org,solsonr,TOXICODENDRON VERNIX LEAFY TWIG,40e87b5d-65b4-457a-9dfc-2bcfb2811246,Hermann and Sons,04/25/1984,$80.42,99285,455923522-8,Shirley Olson,solsonr@mysql.com,02/07/2016,true,FALSE,16,"Wisozk, Hartmann and Schamberger",Pacocha Inc,Aliquam quis turpis eget elit sodales scelerisque. Mauris sit amet eros. Suspendisse accumsan tortor quis turpis.
Philip Long,tyoungs@cyberchimps.com,tyoungs,ribavirin,0c45d590-1251-4512-a1df-1a05dc9155f4,"Larson, Shanahan and Carter",08/17/2005,$14.28,13758,260847846-8,Terry Young,tyoungs@issuu.com,02/26/2016,true,,82,"Kuhn, Brakus and Nolan",McLaughlin-Mosciski,"In hac habitasse platea dictumst. Morbi vestibulum, velit id pretium iaculis, diam erat fermentum justo, nec condimentum neque sapien placerat ante. Nulla justo.

Aliquam quis turpis eget elit sodales scelerisque. Mauris sit amet eros. Suspendisse accumsan tortor quis turpis.

Sed ante. Vivamus tortor. Duis mattis egestas metus."
Beverly Hughes,jolsont@msu.edu,jolsont,famotidine,01367534-a9b1-4d68-8aba-1977a80b6948,,02/06/1998,$71.16,,696828218-6,Jack Olson,jolsont@wikispaces.com,08/01/2016,true,NO,30,,,
Russell Vasquez,aedwardsu@utexas.edu,aedwardsu,HYDROCODONE BITARTRATE AND IBUPROFEN,5676d28a-c79c-42f7-a76b-424a8ece6d20,Stracke-Schiller,08/30/1989,$20.02,29882,628431288-1,Ashley Edwards,aedwardsu@apple.com,05/09/2016,false,true,65,Carter-Homenick,Reinger Inc,"Cum sociis natoque penatibus et magnis dis parturient montes, nascetur ridiculus mus. Vivamus vestibulum sagittis sapien. Cum sociis natoque penatibus et magnis dis parturient montes, nascetur ridiculus mus.

Etiam vel augue. Vestibulum rutrum rutrum neque. Aenean auctor gravida sem.

Praesent id massa id nisl venenatis lacinia. Aenean sit amet justo. Morbi ut odio."
Patrick Brown,snelsonv@cdc.gov,snelsonv,Carvedilol,b5a21345-8e25-4fa5-a04b-17863fd96ca6,Gusikowski-Hettinger,10/03/1992,$99.10,52479,044668450-3,Samuel Nelson,snelsonv@reference.com,12/21/2016,false,YES,63,"Hills, Rau and Fay","Wuckert, Hodkiewicz and Denesik",Praesent id massa id nisl venenatis lacinia. Aenean sit amet justo. Morbi ut odio.
Annie Wilson,cschmidtw@geocities.com,cschmidtw,Diclofenac Sodium,48257383-9220-49b0-8b69-7aba85309cd9,Cruickshank and Sons,08/11/2003,$98.46,19740,891683066-4,Cheryl Schmidt,cschmidtw@lycos.com,08/28/2016,false,true,16,Dooley-Moen,Greenholt-Goyette,"Quisque porta volutpat erat. Quisque erat eros, viverra eget, congue eget, semper rutrum, nulla. Nunc purus.

Phasellus in felis. Donec semper sapien a libero. Nam dui."
Jennifer Butler,jharperx@adobe.com,jharperx,Amlodipine besylate and Atorvastatin calcium,6ee7167e-caf2-4f55-8e21-6f467cedb012,,08/22/1991,$6.91,,174416888-1,Jessica Harper,jharperx@altervista.org,04/16/2016,false,false,35,,,
Aaron Harris,staylory@ft.com,staylory,Metformin Hydrochloride,b65c1f46-9408-4459-885a-593ece7a5bd7,,03/31/1989,$30.30,,229826432-5,Stephen Taylor,staylory@businessinsider.com,03/13/2016,true,yes,69,,,
Clarence Torres,apattersonz@apache.org,apattersonz,"Naproxen sodium, Pseudoephedrine HCl",277e6d67-4a1e-4edb-bb67-cb863b85429e,"Funk, Weber and Lockman",05/09/1986,$73.99,99424,521068453-9,Alice Patterson,apattersonz@homestead.com,07/02/2016,true,FALSE,11,"Lemke, Bins and Wunsch",Glover and Sons,"Duis bibendum. Morbi non quam nec dui luctus rutrum. Nulla tellus.

In sagittis dui vel nisl. Duis ac nibh. Fusce lacus purus, aliquet at, feugiat non, pretium quis, lectus."
Thomas Porter,sperkins10@1688.com,sperkins10,OCTINOXATE and TITANIUM DIOXIDE,c1cb0f14-98bd-4701-912e-02e02364d87d,Quigley Group,12/05/1996,$24.28,25442,757409810-7,Sharon Perkins,sperkins10@who.int,03/22/2016,true,TRUE,60,Jerde-DuBuque,Tremblay-Cummerata,"Nulla ut erat id mauris vulputate elementum. Nullam varius. Nulla facilisi.

Cras non velit nec nisi vulputate nonummy. Maecenas tincidunt lacus at velit. Vivamus vel nulla eget eros elementum pellentesque."
Patrick Porter,dgreene11@xing.com,dgreene11,bupropion hydrochloride,883dab09-e464-4194-afa5-cd884f3b8701,Howe-Zemlak,07/31/1995,$40.98,91544,871971869-1,Diane Greene,dgreene11@mayoclinic.com,06/05/2016,true,NO,99,Bernhard-Gerhold,Swaniawski-Schinner,"Etiam vel augue. Vestibulum rutrum rutrum neque. Aenean auctor gravida sem.

Praesent id massa id nisl venenatis lacinia. Aenean sit amet justo. Morbi ut odio."
Richard Tucker,kturner12@smugmug.com,kturner12,Alcohol,e35cac12-40f9-4bfb-962d-28d3ab69cc1e,,04/04/2012,$95.95,,201074756-9,Kelly Turner,kturner12@ftc.gov,05/25/2016,false,NO,92,,,
Jonathan Rogers,jwashington13@miitbeian.gov.cn,jwashington13,Birch Black,93aad585-abbf-4433-82a8-dbf651758298,Osinski LLC,07/08/1996,$46.56,21226,506549653-6,Janice Washington,jwashington13@forbes.com,06/02/2016,false,YES,92,"Sawayn, Muller and Hauck",Mante-Johnston,"Nullam sit amet turpis elementum ligula vehicula consequat. Morbi a ipsum. Integer a nibh.

In quis justo. Maecenas rhoncus aliquam lacus. Morbi quis tortor id nulla ultrices aliquet."
Beverly James,bmorales14@bloglovin.com,bmorales14,"Avobenzone, Octinoxate, and Octisalate",4654bd60-b6d5-472f-9aaa-ff5c58b25850,,11/08/2014,$40.00,,012952073-X,Brandon Morales,bmorales14@mlb.com,03/08/2016,true,NO,72,,,
Wayne Carter,jlong15@oakley.com,jlong15,Alprazolam,63bc155d-46b4-4354-b56b-f65af16467d3,,03/04/2015,$31.82,,028940126-7,John Long,jlong15@bigcartel.com,02/27/2016,false,sometimes,8,,,
Julie Hall,erichardson16@unesco.org,erichardson16,Carvedilol,44efe270-c6dd-4ee3-8c8e-20253029ed42,"Hane, Bernier and Volkman",12/07/2012,$10.19,73288,654797348-4,Edward Richardson,erichardson16@yellowbook.com,12/30/2016,false,no,24,Goodwin-Mante,Kohler-Davis,"Pellentesque at nulla. Suspendisse potenti. Cras in purus eu magna vulputate luctus.

Cum sociis natoque penatibus et magnis dis parturient montes, nascetur ridiculus mus. Vivamus vestibulum sagittis sapien. Cum sociis natoque penatibus et magnis dis parturient montes, nascetur ridiculus mus.

Etiam vel augue. Vestibulum rutrum rutrum neque. Aenean auctor gravida sem."
Christopher Chapman,dking17@blogger.com,dking17,Hydrocodone Bitartrate and Acetaminophen,a167b219-ba83-4035-ab1b-2f9a22eaf3ba,Schneider-Connelly,,$23.22,61196,106996949-4,Denise King,dking17@biglobe.ne.jp,09/22/2016,true,YES,85,Koss-Shanahan,Rohan Inc,"Sed ante. Vivamus tortor. Duis mattis egestas metus.

Aenean fermentum. Donec ut mauris eget massa tempor convallis. Nulla neque libero, convallis eget, eleifend luctus, ultricies eu, nibh."
Paula Russell,kgreene18@imageshack.us,kgreene18,nepafenac,072b14cc-a33b-487f-bebd-721937f0061f,Witting LLC,07/07/1990,$60.29,60580,380670490-2,Kelly Greene,kgreene18@toplist.cz,09/18/2016,true,no,88,O'Reilly-Heaney,Dickens-Green,"Maecenas leo odio, condimentum id, luctus nec, molestie sed, justo. Pellentesque viverra pede ac diam. Cras pellentesque volutpat dui.

Maecenas tristique, est et tempus semper, est quam pharetra magna, ac consequat metus sapien ut nunc. Vestibulum ante ipsum primis in faucibus orci luctus et ultrices posuere cubilia Curae; Mauris viverra diam vitae quam. Suspendisse potenti."
Joshua Adams,sturner19@eventbrite.com,sturner19,Sumatriptan Succinate,2ab4b3d3-86fa-48a2-b06d-b29e3fd9f6a3,"Jenkins, Stiedemann and Nolan",09/29/1988,$99.91,93416,252472374-7,Shirley Turner,sturner19@home.pl,10/21/2016,true,YES,84,Hintz LLC,Koepp-Mante,"Quisque porta volutpat erat. Quisque erat eros, viverra eget, congue eget, semper rutrum, nulla. Nunc purus.

Phasellus in felis. Donec semper sapien a libero. Nam dui."
Denise Black,pnichols1a@house.gov,pnichols1a,Triclosan,528f648b-f8d3-4039-9f1c-13f6dc0bc39d,Koss Group,09/20/1985,$33.55,98845,845091541-4,Paul Nichols,pnichols1a@mac.com,12/21/2016,true,TRUE,32,Terry Inc,Kuhic Inc,"Aenean fermentum. Donec ut mauris eget massa tempor convallis. Nulla neque libero, convallis eget, eleifend luctus, ultricies eu, nibh.

Quisque id justo sit amet sapien dignissim vestibulum. Vestibulum ante ipsum primis in faucibus orci luctus et ultrices posuere cubilia Curae; Nulla dapibus dolor vel est. Donec odio justo, sollicitudin ut, suscipit a, feugiat et, eros.

Vestibulum ac est lacinia nisi venenatis tristique. Fusce congue, diam id ornare imperdiet, sapien urna pretium nisl, ut volutpat sapien arcu sed augue. Aliquam erat volutpat."
Benjamin Scott,shicks1b@vinaora.com,shicks1b,"Magnesium Chloride, Dextrose monohydrate, Lactic Acid, Sodium Chloride, Sodium Bicarbonate, and Potassium Chloride",37966b9e-929e-4269-82bd-a765c73b66cb,Wunsch-Kertzmann,03/02/1981,$81.06,71450,162405257-6,Samuel Hicks,shicks1b@washington.edu,03/14/2016,true,TRUE,44,Pacocha Group,"Schmeler, Bogan and Ankunding","Curabitur gravida nisi at nibh. In hac habitasse platea dictumst. Aliquam augue quam, sollicitudin vitae, consectetuer eget, rutrum at, lorem.

Integer tincidunt ante vel ipsum. Praesent blandit lacinia erat. Vestibulum sed magna at nunc commodo placerat.

Praesent blandit. Nam nulla. Integer pede justo, lacinia eget, tincidunt eget, tempus vel, pede."
George Brooks,vperry1c@howstuffworks.com,vperry1c,"phenylephrine hcl, brompheniramine maleate",28a602f4-913d-409e-a0f1-096b7945b6af,"Yundt, Smitham and Gibson",07/19/1990,$78.47,73300,906304957-9,Victor Perry,vperry1c@upenn.edu,11/04/2016,true,NO,54,Watsica Group,"Hamill, Ebert and Eichmann","In congue. Etiam justo. Etiam pretium iaculis justo.

In hac habitasse platea dictumst. Etiam faucibus cursus urna. Ut tellus."
Beverly Arnold,vgarrett1d@ebay.co.uk,vgarrett1d,Promethazine Hydrochloride,b621c42b-e631-450c-b5e1-638565827fcd,Moen Group,09/05/2006,$93.45,19760,102357338-5,Victor Garrett,vgarrett1d@livejournal.com,02/28/2016,true,no,1,"Casper, Cruickshank and Homenick","Feeney, Jacobson and Wolff","Mauris enim leo, rhoncus sed, vestibulum sit amet, cursus id, turpis. Integer aliquet, massa id lobortis convallis, tortor risus dapibus augue, vel accumsan tellus nisi eu orci. Mauris lacinia sapien quis libero.

Nullam sit amet turpis elementum ligula vehicula consequat. Morbi a ipsum. Integer a nibh."
