name,address,address2,city,state,country,zip,manager,manager username,currency
Peace River,8 Brentwood Court,,Birendranagar,AB,CA,T8S,Danika Mostyn,dmostyn0,CAD
Airdrie,14 Summer Ridge Court,306 Buhler Parkway,Poniatowa,AB,CA,T4B,Clementina Van Halen,cvan1,CAD
Calgary,3 Fieldstone Drive,,Iwanai,AB,CA,,Harwilll Heffernan,hheffernan2,CAD
High Prairie,1906 Weeping Birch Park,,Lopar,AB,CA,,Christian Pache,cpache3,CAD
Sundre,20 Summer Ridge Court,,Burujul,AB,CA,,,,
Athabasca,22 Browning Drive,424 Rieder Court,Itambacuri,AB,CA,,Alphonso Ashbridge,aashbridge5,CAD
Drayton Valley,56064 Onsgard Center,,Bah√≠a Honda,AB,CA,,,,
Crossfield,0 Lighthouse Bay Place,,Bengras,AB,CA,,Vania Dufton,vdufton7,CAD
Beaverlodge,6 Katie Terrace,,Zhajin,AB,CA,,Papageno Baldi,pbaldi8,CAD
Grande Prairie,0 Ridgeview Parkway,,Yunxi,AB,CA,R3J,Selia Biggadike,sbiggadike9,CAD
Sherwood Park,263 Aberg Alley,,El Paso,AB,CA,,,,
Vegreville,9039 Shoshone Parkway,,Huazhou,AB,CA,,Georgy Eversfield,geversfieldb,CAD
Rocky Mountain House,8617 Arapahoe Parkway,,Paraipaba,AB,CA,,Mara Gilfoyle,mgilfoylec,CAD
Calmar,14 Green Ridge Circle,,Medveditskiy,AB,CA,S0G,Paulette Rylatt,prylattd,CAD
Rocky Mountain House,517 Bowman Terrace,,Viana,AB,CA,,Neal Gabitis,ngabitise,CAD
Pincher Creek,6054 Anzinger Hill,,Chlumec,AB,CA,,Bonnee Fowle,bfowlef,CAD
Airdrie,8 Lien Drive,,Reims,AB,CA,,Kerry Aherne,kaherneg,CAD
Camrose,4 Summit Parkway,,Xinqiao,AB,CA,T4V,Sherlock Stobbart,sstobbarth,CAD
Lamont,12 Ilene Park,,Huangtang,AB,CA,N2E,Karlotta Pinckstone,kpinckstonei,CAD
