First Name,Last Name,Email,Username,Activated,Location,Address,City,State,Country,Postal Code,Website,Phone,Job Title,Notes,Employee Number,Company,Manager,Remote,VIP,Start Date,End Date,Gravatar
Reagen,Tenant,rtenant0@istockphoto.com,rtenant0,true,"Braun, Ullrich and O'Hara",0406 Emmet Drive,,,,,https://netvibes.com,895-137-2034,Nurse Practicioner,ac tellus semper interdum mauris ullamcorper purus sit amet nulla quisque arcu libero rutrum,"",,Reagen Tenant,true,true,2022-03-18,2022-12-04,rtenant0@soup.io
Kenneth,Lefeuvre,klefeuvre1@woothemes.com,klefeuvre1,false,Mueller LLC,404 Dennis Alley,,,,,,,Senior Quality Engineer,lacus at turpis donec posuere metus vitae ipsum,"",,,true,,,,
Kiel,Eland,keland2@tinyurl.com,keland2,false,"Mayer, Jacobi and Gibson",3058 Declaration Park,,,,,,,Web Developer I,eu est congue elementum in hac habitasse platea dictumst morbi vestibulum velit id,"",,,true,,,,
Susana,Kinneally,skinneally3@purevolume.com,skinneally3,false,Block Inc,1 Chive Alley,,,,,,,Software Consultant,phasellus in felis donec semper sapien a libero nam dui proin leo odio porttitor id consequat,"",,,true,,,,
Wallis,Hadcock,whadcock4@abc.net.au,whadcock4,false,Roob-Bartoletti,496 Hazelcrest Terrace,,,,,,,Information Systems Manager,nam congue risus semper porta volutpat quam pede lobortis ligula sit amet eleifend,"","Hand, Rohan and Oberbrunner",,false,,,,
Audry,Piell,apiell5@china.com.cn,apiell5,false,Schoen-Hilpert,3136 Talmadge Circle,,,,,,,Chemical Engineer,congue risus semper porta volutpat quam pede lobortis ligula sit amet eleifend pede libero quis orci nullam,"",,,false,,,,
Veronike,Poytress,vpoytress6@scribd.com,vpoytress6,false,"D'Amore, Schoen and Rogahn",3 Northwestern Hill,,,,,http://acquirethisname.com,198-980-1723,Compensation Analyst,non mattis pulvinar nulla pede ullamcorper augue a suscipit nulla elit ac nulla sed vel enim sit amet,"",,Veronike Poytress,true,true,2022-05-10,2022-08-14,vpoytress6@ed.gov
Sibel,Serris,sserris7@mayoclinic.com,sserris7,true,Swaniawski and Sons,090 Summit Road,,,,,,,,,,,,false,,,,
Aldis,Smardon,asmardon8@ifeng.com,asmardon8,false,Huels-Reinger,2 Brown Trail,,,,,,,,,,,,true,,,,
Juan,,,jlowseley9,true,Nicolas and Sons,0 Village Pass,,,,,,,Cost Accountant,phasellus id sapien in sapien,"",,,true,,,,
Thaine,Coger,tcogera@naver.com,tcogera,false,Zieme-Davis,31 Little Fleur Park,,,,,,,,,,,,true,,,,
Adrien,Ciotti,aciottib@ucoz.ru,aciottib,true,"Ward, Wolff and King",61 Graedel Hill,,,,,,,,,,,,false,,,,
Harmony,Vanetti,hvanettic@wordpress.com,hvanettic,true,"Kulas, Heller and Cormier",35 Hintze Drive,,,,,,,,,,Wyman-Jenkins,,true,,,,
Pansie,Morston,pmorstond@ebay.com,pmorstond,false,Mosciski-Graham,73222 Walton Street,,,,,,,,,,,,false,,,,
Court,Halse,chalsee@walmart.com,chalsee,true,"O'Reilly, Hilll and Stokes",61514 Pepper Wood Trail,,,,,,,,,,,,false,,,,
Gerardo,Scrowby,gscrowbyf@multiply.com,gscrowbyf,false,Cruickshank-Kling,18314 Schlimgen Point,,,,,,,,,,,,false,,,,
Imojean,Veare,iveareg@chronoengine.com,iveareg,false,Schultz-Lakin,9 Blaine Street,,,,,https://soup.io,502-710-6094,Environmental Tech,consequat lectus in est risus auctor sed,"",,Imojean Veare,false,true,2022-01-24,2022-08-06,iveareg@answers.com
Samuel,Bickley,sbickleyh@gravatar.com,sbickleyh,true,Langworth-Friesen,5891 Bunker Hill Crossing,,,,,,,,,,Corkery and Sons,,false,,,,
Niall,Ethington,nethingtoni@google.fr,nethingtoni,true,"Ledner, Klocko and Sipes",511 Springs Parkway,,,,,,,,,,,,false,,,,
Elfreda,Ilyukhov,eilyukhovj@mashable.com,eilyukhovj,false,Spinka-Ortiz,475 Bluestem Point,,,,,,,Clinical Specialist,felis ut at dolor quis odio consequat varius integer ac,"",,,true,,,,
Serena,Josling,sjoslingk@oracle.com,sjoslingk,false,Wuckert-Schuster,10512 Fuller Avenue,,,,,,,,,,"Cruickshank, Ziemann and Kreiger",,false,,,,
Sheelah,Dockwray,sdockwrayl@narod.ru,sdockwrayl,true,Orn-Koss,4241 Scofield Circle,,,,,,,Nurse,vestibulum sed magna at nunc commodo placerat praesent blandit nam nulla integer pede,"",Hermann-Anderson,,true,,,,
Lanette,Remnant,lremnantm@vinaora.com,lremnantm,false,Abshire LLC,8 Buena Vista Junction,,,,,,,General Manager,mauris ullamcorper purus sit amet,"",Bahringer-Lockman,,false,,,,
Jordan,Pritty,jprittyn@reverbnation.com,jprittyn,false,Stroman LLC,36 Becker Plaza,,,,,,,,,,Durgan-Bosco,,true,,,,
Lorrin,Boni,lbonio@msn.com,lbonio,true,Bogisich-Nolan,7 Messerschmidt Point,,,,,,,,,,,,false,,,,
Marie-ann,Waind,mwaindp@ucoz.ru,mwaindp,true,"Hartmann, Weissnat and Cassin",68082 Schmedeman Court,,,,,,,Nurse,duis faucibus accumsan odio curabitur convallis duis consequat,"",,,true,,,,
Marti,Daens,mdaensq@huffingtonpost.com,mdaensq,false,Robel-Roob,7 Knutson Pass,,,,,http://gov.uk,381-382-8857,Electrical Engineer,sapien a libero nam dui proin leo,"",,Marti Daens,false,true,2021-12-19,2022-12-08,mdaensq@themeforest.net
Scotti,Gillison,sgillisonr@intel.com,sgillisonr,true,Howe-Collins,44 Elka Terrace,,,,,,,Financial Advisor,viverra eget congue eget semper rutrum nulla nunc purus,"",,,true,,,,
Bobbe,Alven,balvens@csmonitor.com,balvens,true,Weimann-Bernhard,71 Manley Park,,,,,,,,,,Champlin-Turcotte,,false,,,,
Ferdy,Kincade,fkincadet@wsj.com,fkincadet,true,Bode Inc,3023 Novick Alley,,,,,,,Statistician IV,amet nulla quisque arcu libero,"",,,true,,,,
Rachael,Briers,rbriersu@vimeo.com,rbriersu,false,Koch and Sons,71 Shoshone Court,,,,,,,,,,,,true,,,,
Ado,Bartholin,abartholinv@ft.com,abartholinv,false,"Buckridge, Klein and Johnston",11 Jenna Avenue,,,,,,,,,,,,false,,,,
Tessy,,,tsailerw,false,Parker-Beer,0964 Vidon Way,,,,,,,Structural Engineer,aliquet ultrices erat tortor sollicitudin,"",,,true,,,,
Chloe,Gebbie,cgebbiex@cam.ac.uk,cgebbiex,false,Smith Inc,8 5th Alley,,,,,,,,,,,,true,,,,
Emlyn,Cusick,ecusicky@homestead.com,ecusicky,true,Dickens LLC,43 Canary Point,,,,,,,Health Coach II,eu tincidunt in leo maecenas pulvinar lobortis est phasellus sit amet erat nulla tempus vivamus in,"",,,true,,,,
Kenneth,McGuire,kmcguirez@scribd.com,kmcguirez,true,"Torphy, Bednar and Davis",2 Stone Corner Park,,,,,,,Nurse Practicioner,tortor duis mattis egestas metus aenean fermentum donec ut mauris eget massa,"",,,false,,,,
Berri,Forson,bforson10@pcworld.com,bforson10,true,"D'Amore, Larkin and O'Keefe",266 Alpine Road,,,,,,,Tax Accountant,in purus eu magna vulputate luctus cum sociis natoque penatibus et,"",,,true,,,,
Bree,Jiru,bjiru11@gravatar.com,bjiru11,true,Altenwerth LLC,58 4th Alley,,,,,,,,,,Farrell and Sons,,true,,,,
Kathie,Dignan,kdignan12@bbb.org,kdignan12,true,"Pagac, Effertz and Padberg",973 Banding Point,,,,,,,,,,"Marquardt, Cummings and Bosco",,true,,,,
Filbert,Van Der Straaten,fvanderstraaten13@sourceforge.net,fvanderstraaten13,false,"Cronin, Mante and Klein",0 Stuart Junction,,,,,,,Research Assistant I,ut massa volutpat convallis morbi odio odio elementum eu interdum eu tincidunt in leo maecenas,"",Bauch-Kling,,true,,,,
Miguel,Farbrace,mfarbrace14@barnesandnoble.com,mfarbrace14,false,O'Keefe Inc,1 Mallory Avenue,,,,,,,Assistant Manager,a libero nam dui proin leo odio porttitor id consequat in consequat ut nulla sed accumsan felis,"",Schmeler-Krajcik,,false,,,,
Em,,,ekittley15,false,Schuppe-Barrows,9946 Canary Pass,,,,,,,Nuclear Power Engineer,odio curabitur convallis duis consequat dui nec nisi,"","Abshire, Goyette and Spinka",,true,,,,
Bill,Morales,bmorales16@addtoany.com,bmorales16,true,Leannon Inc,0 Hudson Circle,,,,,,,,,,,,true,,,,
Spenser,Branca,sbranca17@tripod.com,sbranca17,false,Halvorson Inc,7904 Green Road,,,,,,,,,,,,false,,,,
Dawna,Ainslee,dainslee18@nifty.com,dainslee18,true,"Strosin, Collier and O'Connell",17 Granby Center,,,,,,,,,,,,false,,,,
Lind,Fontanet,lfontanet19@lycos.com,lfontanet19,false,Bins-Kunde,84 Kenwood Junction,,,,,,,,,,"Romaguera, Adams and Schoen",,false,,,,
Ashli,Gheorghie,agheorghie1a@blogtalkradio.com,agheorghie1a,false,Hauck Inc,8 Warrior Drive,,,,,,,,,,Wisozk Inc,,false,,,,
Janice,Freddi,jfreddi1b@behance.net,jfreddi1b,true,"Stoltenberg, Aufderhar and Schaden",0 Esch Alley,,,,,,,,,,,,false,,,,
Reinwald,Ivakhin,rivakhin1c@ask.com,rivakhin1c,false,Jacobson-Mosciski,24 New Castle Alley,,,,,,,,,,Welch and Sons,,true,,,,
Lindsey,Trevance,ltrevance1d@prnewswire.com,ltrevance1d,true,Hansen-Luettgen,17443 Lindbergh Plaza,,,,,,,Web Designer II,interdum eu tincidunt in leo maecenas pulvinar lobortis est phasellus,"",,,false,,,,
Cordi,Frostdyke,cfrostdyke1e@weather.com,cfrostdyke1e,false,Kohler Inc,53066 Merchant Plaza,,,,,,,,,,,,false,,,,
Jayme,Piatto,jpiatto1f@slate.com,jpiatto1f,true,Johnson and Sons,5598 Fuller Avenue,,,,,,,Graphic Designer,accumsan felis ut at dolor quis odio consequat varius integer,"",,,true,,,,
Henriette,Glanvill,hglanvill1g@ifeng.com,hglanvill1g,true,"Mills, Kautzer and Stiedemann",6461 Stang Center,,,,,,,,,,Gibson and Sons,,true,,,,
Izak,Legen,ilegen1h@berkeley.edu,ilegen1h,true,"Schiller, Runolfsson and Gottlieb",86874 Hovde Avenue,,,,,,,,,,,,false,,,,
Silas,Vallentin,svallentin1i@zdnet.com,svallentin1i,false,Wolff Inc,15041 Graceland Park,,,,,,,,,,,,true,,,,
Ansel,Augustus,aaugustus1j@oaic.gov.au,aaugustus1j,true,"Rippin, Frami and Parker",843 Nova Alley,,,,,,,Assistant Media Planner,ipsum primis in faucibus orci luctus et ultrices posuere cubilia curae donec,"",Morissette and Sons,,false,,,,
Annemarie,Reburn,areburn1k@networksolutions.com,areburn1k,true,Dach Group,05 Crowley Avenue,,,,,,,Administrative Assistant IV,vivamus tortor duis mattis egestas metus aenean fermentum donec,"","Murazik, Wyman and Yost",,false,,,,
Fee,Bissell,fbissell1l@comsenz.com,fbissell1l,true,Braun Group,678 Nelson Hill,,,,,,,Health Coach IV,sed augue aliquam erat volutpat in congue etiam justo etiam pretium iaculis justo in,"","Lindgren, Quitzon and Heathcote",,true,,,,
Zenia,Kordt,zkordt1m@com.com,zkordt1m,true,"Harvey, Fay and Yundt",6337 Mayer Trail,,,,,,,Associate Professor,congue etiam justo etiam pretium iaculis justo in hac habitasse platea dictumst etiam faucibus cursus urna,"",,,true,,,,
Winthrop,Eales,weales1n@stanford.edu,weales1n,true,Johns-Kshlerin,79780 Helena Lane,,,,,,,Accountant I,platea dictumst etiam faucibus cursus urna ut,"",,,false,,,,
Davis,,,dnatalie1o,false,Tillman-Marquardt,3893 Express Junction,,,,,https://answers.com,266-409-9118,Teacher,suspendisse accumsan tortor quis turpis sed ante vivamus tortor,"",Casper-Grimes,Davis Natalie,false,false,2022-04-08,2022-09-24,dnatalie1o@altervista.org
Massimiliano,Fardo,mfardo1p@imgur.com,mfardo1p,true,Kozey Group,72 Hauk Terrace,,,,,,,Account Coordinator,parturient montes nascetur ridiculus mus etiam vel augue vestibulum rutrum rutrum neque aenean auctor gravida sem praesent id,"",Bednar Inc,,false,,,,
Dacey,Larrie,dlarrie1q@digg.com,dlarrie1q,false,Jerde-Ullrich,70371 Del Mar Center,,,,,,,,,,,,true,,,,
Pattie,Melvin,pmelvin1r@discovery.com,pmelvin1r,false,"McDermott, Mayert and Kemmer",845 Anderson Point,,,,,,,Safety Technician II,sit amet erat nulla tempus vivamus in felis eu sapien cursus vestibulum proin,"",,,true,,,,
Franny,Laughlin,flaughlin1s@blogspot.com,flaughlin1s,false,Renner-Terry,94 Northfield Pass,,,,,,,,,,"Parisian, Hudson and Bahringer",,false,,,,
Mariel,Roelvink,mroelvink1t@timesonline.co.uk,mroelvink1t,true,Russel-Blanda,434 Crest Line Road,,,,,http://amazon.de,429-401-0847,Quality Engineer,vel pede morbi porttitor lorem id ligula suspendisse ornare consequat lectus in est risus auctor sed tristique in tempus,"",,Mariel Roelvink,true,false,2022-02-21,2022-09-01,mroelvink1t@feedburner.com
Josee,Ghirardi,jghirardi1u@arizona.edu,jghirardi1u,true,Koss-Schmitt,96 Kingsford Avenue,,,,,,,,,,,,true,,,,
Felix,Pheasant,fpheasant1v@soundcloud.com,fpheasant1v,true,Rogahn Group,43 Northridge Place,,,,,,,,,,Hoppe-O'Reilly,,false,,,,
Stearne,Gwatkins,sgwatkins1w@jugem.jp,sgwatkins1w,false,"Koch, Ferry and Marks",6 Victoria Circle,,,,,,,,,,,,false,,,,
Nathaniel,Parkinson,nparkinson1x@springer.com,nparkinson1x,true,Harber Group,4589 Clarendon Way,,,,,,,Software Consultant,non mattis pulvinar nulla pede ullamcorper augue a suscipit nulla elit ac nulla sed vel enim sit amet nunc viverra,"",Koepp LLC,,true,,,,
Blondelle,Crawley,bcrawley1y@ezinearticles.com,bcrawley1y,true,"Hirthe, Bashirian and Feeney",17149 Ridge Oak Park,,,,,,,Help Desk Technician,sit amet cursus id turpis integer aliquet massa id lobortis convallis tortor risus dapibus augue vel accumsan tellus nisi eu,"",,,true,,,,
Pammi,Yair,pyair1z@virginia.edu,pyair1z,true,"Pfeffer, Schmeler and Dibbert",541 Beilfuss Alley,,,,,,,,,,,,true,,,,
Tremain,Lattimer,tlattimer20@go.com,tlattimer20,true,"Kuvalis, Kris and Howell",19 Red Cloud Parkway,,,,,,,,,,Gutkowski LLC,,true,,,,
Moreen,Fermin,mfermin21@w3.org,mfermin21,false,"Romaguera, Spinka and Bayer",50 Eagle Crest Circle,,,,,,,,,,,,true,,,,
Jena,Taborre,jtaborre22@pinterest.com,jtaborre22,true,Raynor Group,97 Helena Center,,,,,,,Dental Hygienist,vel enim sit amet nunc viverra dapibus nulla suscipit ligula in lacus curabitur at ipsum ac tellus semper interdum mauris,"",,,false,,,,
Odille,Stede,ostede23@biglobe.ne.jp,ostede23,true,"Boyle, Schowalter and Mayer",88993 Sunbrook Street,,,,,http://live.com,464-815-6024,,,,,Odille Stede,true,false,2021-12-12,2022-06-27,ostede23@lycos.com
Kori,Fulk,kfulk24@tiny.cc,kfulk24,true,Konopelski and Sons,43 Mockingbird Avenue,,,,,,,,,,"Nikolaus, Cassin and Streich",,true,,,,
Pollyanna,Cardon,pcardon25@infoseek.co.jp,pcardon25,false,Hickle Group,52088 Almo Junction,,,,,,,,,,"Cronin, Cummerata and Tromp",,false,,,,
Austin,McGeneay,amcgeneay26@tmall.com,amcgeneay26,true,Yundt-Howell,021 4th Park,,,,,,,Social Worker,est phasellus sit amet erat nulla tempus vivamus in felis eu sapien cursus vestibulum proin eu mi nulla,"",,,true,,,,
Imogen,Hamill,ihamill27@w3.org,ihamill27,false,Herman-Schulist,802 Sunbrook Place,,,,,http://vistaprint.com,344-665-1217,Registered Nurse,curabitur convallis duis consequat dui nec nisi volutpat,"",,Imogen Hamill,false,false,2021-12-03,2023-04-16,ihamill27@over-blog.com
Hershel,Bielfeld,hbielfeld28@soup.io,hbielfeld28,true,Kreiger and Sons,6944 Buell Trail,,,,,,,Actuary,curae donec pharetra magna vestibulum aliquet ultrices erat,"",Schmitt-Abbott,,true,,,,
Korry,,,ksteckings29,true,Bogan Inc,800 Ilene Parkway,,,,,,,,,,,,true,,,,
Cookie,Warret,cwarret2a@sakura.ne.jp,cwarret2a,false,Murphy-Yost,9 Vera Terrace,,,,,,,Mechanical Systems Engineer,semper rutrum nulla nunc purus phasellus in felis donec semper sapien a libero nam dui proin leo odio,"","Lueilwitz, Beahan and Raynor",,false,,,,
Wynne,Gonnely,wgonnely2b@facebook.com,wgonnely2b,true,"Frami, Erdman and Mayert",051 Kenwood Junction,,,,,,,,,,,,true,,,,
Ethelred,Bogey,ebogey2c@infoseek.co.jp,ebogey2c,true,Christiansen and Sons,7414 2nd Pass,,,,,,,Media Manager II,donec odio justo sollicitudin ut suscipit a feugiat et eros vestibulum ac est lacinia,"",,,false,,,,
Alvera,Tunuy,atunuy2d@bizjournals.com,atunuy2d,false,"Vandervort, Veum and Walker",152 Division Park,,,,,,,,,,"Bartell, Hartmann and Jerde",,false,,,,
Martino,Rosenbusch,mrosenbusch2e@seesaa.net,mrosenbusch2e,true,Parisian-Romaguera,130 Westridge Alley,,,,,http://bravesites.com,626-888-4072,,,,"Keebler, Walter and Senger",Martino Rosenbusch,false,false,2022-01-20,2022-09-11,mrosenbusch2e@about.me
Susi,Trapp,strapp2f@ft.com,strapp2f,false,"Rogahn, Volkman and McDermott",72958 Vahlen Avenue,,,,,,,,,,Nitzsche-Langosh,,true,,,,
Gordon,Alflatt,galflatt2g@marriott.com,galflatt2g,false,Effertz-Howell,0681 International Plaza,,,,,,,Research Associate,duis aliquam convallis nunc proin,"","Farrell, Hoeger and O'Keefe",,true,,,,
Derrick,Braidon,dbraidon2h@blogs.com,dbraidon2h,false,Prosacco-Walker,8760 Del Sol Circle,,,,,,,,,,Koss-Bogisich,,true,,,,
Minnnie,Bonar,mbonar2i@biglobe.ne.jp,mbonar2i,true,Daniel LLC,5424 Karstens Alley,,,,,,,Web Designer III,faucibus orci luctus et ultrices posuere cubilia curae mauris,"",,,true,,,,
Casper,Sinnatt,csinnatt2j@hc360.com,csinnatt2j,true,Barrows-Mertz,79 Melvin Center,,,,,,,,,,,,false,,,,
Chloe,Fist,cfist2k@auda.org.au,cfist2k,false,"Kling, Streich and Kertzmann",47064 Glacier Hill Court,,,,,,,,,,Altenwerth-Leuschke,,true,,,,
Elysha,Gosenell,egosenell2l@ft.com,egosenell2l,true,Hirthe LLC,70 Old Gate Alley,,,,,,,Nuclear Power Engineer,amet cursus id turpis integer aliquet massa id lobortis convallis tortor risus dapibus augue vel accumsan tellus,"",Macejkovic and Sons,,false,,,,
Gerianna,Feirn,gfeirn2m@bing.com,gfeirn2m,true,"Collier, Kirlin and Armstrong",881 Summer Ridge Circle,,,,,,,,,,,,false,,,,
Lucas,Mulvany,lmulvany2n@deliciousdays.com,lmulvany2n,false,Bahringer Group,639 La Follette Circle,,,,,,,,,,,,true,,,,
Lenore,Menendez,lmenendez2o@cdbaby.com,lmenendez2o,true,"Nader, Harvey and Casper",02 Springs Avenue,,,,,https://a8.net,926-526-1742,Community Outreach Specialist,ut odio cras mi pede malesuada in imperdiet et commodo vulputate justo in blandit ultrices enim lorem ipsum dolor,"",,Lenore Menendez,true,false,2022-01-11,2022-07-29,lmenendez2o@ifeng.com
Collete,Brandes,cbrandes2p@accuweather.com,cbrandes2p,true,Koepp-Parisian,5 Haas Way,,,,,,,,,,,,false,,,,
Osborne,Gummory,ogummory2q@1und1.de,ogummory2q,false,Mertz and Sons,91749 Haas Alley,,,,,,,,,,,,true,,,,
Emiline,Grossman,egrossman2r@dmoz.org,egrossman2r,true,Parisian and Sons,3872 Eagle Crest Court,,,,,https://uiuc.edu,338-830-8647,Food Chemist,dolor vel est donec odio justo sollicitudin ut suscipit a feugiat et eros vestibulum ac est lacinia nisi venenatis,"",Williamson-Casper,Emiline Grossman,true,true,2021-11-10,2022-10-01,egrossman2r@spiegel.de
